location,train
"Bogor Barat, Indonesia",jawa barat
"Denpasar Selatan, Indonesia",
Indonesia,
the giadrice,
Czech Republic,
"Jakarta Pusat, DKI Jakarta",
Jakarta Capital Region,
"Medan dan Jakarta, Indonesia",
"Jakarta Selatan, DKI Jakarta",
Indonesian,
"Jakarta, Indonesia",
"Yogyakarta, Indonesia",
"Indramayu, Indonesia",
"bogor ",
"Jakarta,Indonesia",
Taman suropati,
Yogyakarta,
"ÜT: -6.18882,106.816658",
Jakarta,
"Sidoarjo, Indonesia",
NKRI,
" Indonesia",
she/her,
"Ciledug, Indonesia",
"Pati, Indonesia",
bekasi,
bumi,
"Cabang purnama ",
Banjarmasin,
Jakarta Raya.,
Tangerang,
Cilegon,
"Purwodadi, Indonesia",
"DKI Jakarta, Indonesia",
"Purwokerto Timur, Indonesia",
Biak Papua,
Meikarta,
"Kalideres, Indonesia",
"Jakarta Barat, DKI Jakarta",
"Tangerang, Banten",
"East Borneo, Indonesia",
"Menteng, Indonesia",
CigugurTengah - pakistan,
magicshop,
"Kaliwungu, Indonesia",
"West Java, Indonesia",
"Jakarta Capital Region, Indone",
"Bandung Kulon, Indonesia",
Makassar,
Neptunus,
"Riau, Indonesia",
"Sukabumi, Indonesia",
"Malingping, Serang Banten",
"Medan Sunggal, Indonesia",
"Depok, Jawa Barat",
"Jambi, Indonesia",
"Kota Bengkulu, Bengkulu",
Jl. Soekarno Hatta No.705,
"Bandung, Jawa Barat",
"di atas bumi, di bawah langit",
Kota Bandung,
jogja,
Surabaya,
"Macau, Macau",
Square Enix Island,
Jakarta Raya,
Negara Kesultanan Tidore,
Bandung,
"East Nusa Tenggara, Indonesia",
Tengah Laut,
Borobudur hotel,
"Jawa Timur, Indonesia",
"Cimahi West Java ",
"Karimun, Kepulauan Riau",
"Kota Surabaya, Jawa Timur",
jakarata,
"West Sumatra, Indonesia",
Kuningan,
Empat Lawang,
from mBatang to mBandung,
indonesia raya,
Bermani Ulu Rejang Lebong,
"Kota Medan, Sumatera Utara",
Padang Mahsyar,
"Kota Makassar,Sulawesi Selatan",
"Bekasi Selatan, Indonesia",
INA,
KUPANG-NTT,
\m/ Rawa Belong Rock City \m/,
"Kota Batam, Kepulauan Riau",
"Bandung,Indonesia",
"Bekasi Timur, Indonesia",
Paylatter,
sleman DI.YOGYAKARTA.INDONESIA,
indo,
Bekasi Timur,
Konohagakure,
"Namanya biyu, yaaaa dimana aja",
21,
boekannn hhh,
C,
"Pangandaran, Indonesia",
"Purwokerto Barat, Jawa Tengah",
"Kota Surabaya, East Java",
"Grogol Petamburan, Indonesia",
"Roissy-en-France, France",
"Bekasi, Jawa Barat",
"Kota Bandung, Jawa Barat",
DENPASAR,
"Duren Sawit, Indonesia",
Lungguh Teras Nyambi Ngopi,
"West Papua, Indonesia",
semesta,
"Bandung, Indonesia",
"Mamuju, Indonesia",
"RT 36 RW 10 Desa Jombok ",
Cirebon,
"Mbatang,jawa tengah",
"Al Mulku, Moloku Kie Raha",
"Banten, Indonesia",
Halim AFB,
"Pasar Rebo, Indonesia",
♡; timothy,
Meta,
"Lombok Barat, Nusa Tenggara Ba",
DiBawah Kolong langit.,
"Blora, Indonesia",
"pati, jawa tengah",
"Lampung, Indonesia",
"Nusantara ",
"Cilongok, Indonesia",
Dimanapun hatiku senang,
"Purwakarta, Indonesia",
Bumi Allah,
Purworejo,
"Jakarta Capital Region, 23yo",
"Menteng, Jakarta Pusat",
ratrichibi@gmail.com,
"Monas, Indonesia",
"Lembang, Indonesia",
"Deli Serdang, Sumatera Utara",
"Indonesia, Cirebon",
"ℭιяۼвση, ⦕ ĵαωα Ƀαᴚαт ™ ⦖",
unknown,
Kejawen,
"South Sumatra, Indonesia",
"di persimpangan jalan ",
"Trowulan, Indonesia",
Aceh,
hogwarts,
"Ciracap, Indonesia",
Bandung Indonesia,
"Sumedang, Jawa Barat",
"Sukasari, Indonesia",
"Bogor, Jawa Barat",
"Kota Palembang, Sumatera Selat",
"Sangelu, Nigeria",
"Jakarta Timur, DKI Jakarta",
Bandung Barat Jawa Barat,
"Tangerang, Indonesia",
"Balikpapan, Indonesia",
Bendungan Hilir,
Pulo Gadung,
Karangresik - Ciamis,
"Ubud, Indonesia",
"Klaten Timur, Indonesia ",
JKT-Bᴇᴋᴀsɪ,
ประเทศไทย,
"Russia, OH",
superUnknown,